Workbook

Sheet Guide
A1: BLACK LEDGER — Combat Tuning (source of truth for balance)
A3: Tab | B3: What it holds
A4: Global Tuning | B4: Base values every other sheet references. Change these to re-tune the whole game.
A5: Characters | B5: The 15 launch roster + Vault. Stats obey the 24-point budget; Effective HP is derived.
A6: Bosses | B6: The 10 Collectors. Stats intentionally exceed 24; HP multiplier and phase thresholds included.
A7: Weapons | B7: The 14 shared pickups, with starting damage/cooldown values.
A9: Color key
A10: Blue text | B10: Hardcoded INPUT you tune (stats, base values, damage).
A11: Black text | B11: Formula / calculated value — do not edit directly.
A12: Green text | B12: Formula that pulls from another sheet (e.g., Global Tuning).
A14: Note | B14: All damage/HP numbers are PROTOTYPE starting points from Design Bible v0.3, Sections 3, 4.5 and 4.6. Tune in playtesting.

Sheet Global Tuning
A1: GLOBAL TUNING — base values (blue = tunable input)
A3: Base vehicle HP | B3: 1000
A4: Armor multiplier @ stat 1 | B4: 0.7
A5: Armor multiplier @ stat 10 | B5: 1.5
A6: Primary fire damage (min, /shot) | B6: 5
A7: Primary fire damage (max, /shot) | B7: 12
A8: Homing missile — direct | B8: 80
A9: Homing missile — splash | B9: 40
A10: Power missile — direct | B10: 200
A11: Power missile — splash | B11: 60
A12: Special damage (low end) | B12: 100
A13: Special damage (high end) | B13: 250
A14: Target average kill time (s) | B14: 12

Sheet Characters
A1: CHARACTERS — 15 launch + Vault (Speed+Armor+Handling+Special = 24)
A2: Name | B2: Archetype | C2: Vehicle | D2: Special | E2: Speed | F2: Armor | G2: Handling | H2: Special Power | I2: Stat Total | J2: Budget? | K2: Effective HP | L2: Notes
A3: The Surgeon | B3: Tragic professional | C3: Ambulance "The Theater" | D3: The Operating Table | E3: 5 | F3: 7 | G3: 5 | H3: 7 | I3: =SUM(E3:H3) -> 24 | J3: =IF(I3=24,"OK","CHECK") -> OK | K3: =ROUND('Global Tuning'!$B$3*('Global Tuning'!$B$4+(F3-1)*('Global Tuning'!$B$5-'Global Tuning'!$B$4)/9),0) -> 1233 | L3: Diagnostic field: +100% dmg vs marked, self-heal
A4: Hollow | B4: Amnesiac arsonist | C4: Fire engine "Pyre" | D4: Conflagration | E4: 3 | F4: 9 | G4: 4 | H4: 8 | I4: =SUM(E4:H4) -> 24 | J4: =IF(I4=24,"OK","CHECK") -> OK | K4: =ROUND('Global Tuning'!$B$3*('Global Tuning'!$B$4+(F4-1)*('Global Tuning'!$B$5-'Global Tuning'!$B$4)/9),0) -> 1411 | L4: 180° fire cone, 6s burn DoT + accuracy debuff
A5: Miss Antoinette | B5: Faded beauty | C5: Cadillac "Forever Yours" | D5: Powder Compact | E5: 8 | F5: 3 | G5: 6 | H5: 7 | I5: =SUM(E5:H5) -> 24 | J5: =IF(I5=24,"OK","CHECK") -> OK | K5: =ROUND('Global Tuning'!$B$3*('Global Tuning'!$B$4+(F5-1)*('Global Tuning'!$B$5-'Global Tuning'!$B$4)/9),0) -> 878 | L5: 5s missile reflect
A6: The Warden | B6: Authority / guilt | C6: Prison van "The Cage" | D6: Solitary | E6: 4 | F6: 9 | G6: 4 | H6: 7 | I6: =SUM(E6:H6) -> 24 | J6: =IF(I6=24,"OK","CHECK") -> OK | K6: =ROUND('Global Tuning'!$B$3*('Global Tuning'!$B$4+(F6-1)*('Global Tuning'!$B$5-'Global Tuning'!$B$4)/9),0) -> 1411 | L6: Chain: 4s full lock (2 charges)
A7: Pup | B7: Child-monster | C7: Ice cream truck "Sundae" | D7: Storytime | E7: 7 | F7: 4 | G7: 8 | H7: 5 | I7: =SUM(E7:H7) -> 24 | J7: =IF(I7=24,"OK","CHECK") -> OK | K7: =ROUND('Global Tuning'!$B$3*('Global Tuning'!$B$4+(F7-1)*('Global Tuning'!$B$5-'Global Tuning'!$B$4)/9),0) -> 967 | L7: 6s control invert, large radius
A8: Crucible | B8: Survivor guilt | C8: Slag hauler "Bessemer" | D8: Pour | E8: 2 | F8: 10 | G8: 3 | H8: 9 | I8: =SUM(E8:H8) -> 24 | J8: =IF(I8=24,"OK","CHECK") -> OK | K8: =ROUND('Global Tuning'!$B$3*('Global Tuning'!$B$4+(F8-1)*('Global Tuning'!$B$5-'Global Tuning'!$B$4)/9),0) -> 1500 | L8: 8s molten slag zone
A9: The Cartographer | B9: Obsessive seeker | C9: Wagon "True North" | D9: Triangulate | E9: 6 | F9: 6 | G9: 6 | H9: 6 | I9: =SUM(E9:H9) -> 24 | J9: =IF(I9=24,"OK","CHECK") -> OK | K9: =ROUND('Global Tuning'!$B$3*('Global Tuning'!$B$4+(F9-1)*('Global Tuning'!$B$5-'Global Tuning'!$B$4)/9),0) -> 1144 | L9: Pin: soft-lock + reveal
A10: The Lien | B10: Predatory creditor | C10: Tow truck "Arrears" | D10: Repossession | E10: 5 | F10: 8 | G10: 4 | H10: 7 | I10: =SUM(E10:H10) -> 24 | J10: =IF(I10=24,"OK","CHECK") -> OK | K10: =ROUND('Global Tuning'!$B$3*('Global Tuning'!$B$4+(F10-1)*('Global Tuning'!$B$5-'Global Tuning'!$B$4)/9),0) -> 1322 | L10: Hook: steal pickup + HP drain (2 charges)
A11: Hemlock | B11: Eco-saboteur | C11: Tanker "Wormwood" | D11: Bloom | E11: 3 | F11: 6 | G11: 5 | H11: 10 | I11: =SUM(E11:H11) -> 24 | J11: =IF(I11=24,"OK","CHECK") -> OK | K11: =ROUND('Global Tuning'!$B$3*('Global Tuning'!$B$4+(F11-1)*('Global Tuning'!$B$5-'Global Tuning'!$B$4)/9),0) -> 1144 | L11: 10s toxic pool: armor corrode + handling cut
A12: The Shepherd | B12: Doomsday pastor | C12: Bus "The Hollow Light" | D12: The Flock | E12: 4 | F12: 8 | G12: 5 | H12: 7 | I12: =SUM(E12:H12) -> 24 | J12: =IF(I12=24,"OK","CHECK") -> OK | K12: =ROUND('Global Tuning'!$B$3*('Global Tuning'!$B$4+(F12-1)*('Global Tuning'!$B$5-'Global Tuning'!$B$4)/9),0) -> 1322 | L12: 6s swarm: DoT + vision/minimap block
A13: Specter | B13: Drone operator | C13: Comms truck "Overwatch" | D13: Danger Close | E13: 4 | F13: 7 | G13: 4 | H13: 9 | I13: =SUM(E13:H13) -> 24 | J13: =IF(I13=24,"OK","CHECK") -> OK | K13: =ROUND('Global Tuning'!$B$3*('Global Tuning'!$B$4+(F13-1)*('Global Tuning'!$B$5-'Global Tuning'!$B$4)/9),0) -> 1233 | L13: Called airstrike: longest range, highest single hit
A14: Refuse | B14: Sanitation worker | C14: Garbage truck "Route 7" | D14: Compaction | E14: 4 | F14: 9 | G14: 4 | H14: 7 | I14: =SUM(E14:H14) -> 24 | J14: =IF(I14=24,"OK","CHECK") -> OK | K14: =ROUND('Global Tuning'!$B$3*('Global Tuning'!$B$4+(F14-1)*('Global Tuning'!$B$5-'Global Tuning'!$B$4)/9),0) -> 1411 | L14: Grab+crush / junk-cone shotgun
... A18: Vault (unlock) | B18: Mystery / anti-Auditor | C18: Armored car "Iron Page" | D18: Redaction | E18: 6 | F18: 6 | G18: 6 | H18: 6 | I18: =SUM(E18:H18) -> 24 | J18: =IF(I18=24,"OK","CHECK") -> OK | K18: =ROUND('Global Tuning'!$B$3*('Global Tuning'!$B$4+(F18-1)*('Global Tuning'!$B$5-'Global Tuning'!$B$4)/9),0) -> 1144 | L18: 12s disable target special

Sheet Bosses
A1: BOSSES — 10 Collectors (over-budget by design; HP mult & phase thresholds)
A2: Name | B2: Arena | C2: Vehicle | D2: Special | E2: Speed | F2: Armor | G2: Handling | H2: Special Power | I2: Stat Total | J2: HP Mult | K2: Effective HP | L2: Phase 2 @66% | M2: Phase 3 @33% | N2: Notes
A3: The Foundryman "Tap" | B3: The Mill | C3: Cupola (ladle car) | D3: Tap the Heat | E3: 2 | F3: 14 | G3: 2 | H3: 10 | I3: =SUM(E3:H3) -> 28 | J3: 6 | K3: =ROUND(('Global Tuning'!$B$3*('Global Tuning'!$B$4+(F3-1)*('Global Tuning'!$B$5-'Global Tuning'!$B$4)/9))*J3,0) -> 11133 | L3: =ROUND(K3*0.66,0) -> 7348 | M3: =ROUND(K3*0.33,0) -> 3674 | N3: Immovable; molten wall; furnace immunity
A4: Curfew | B4: Ashen Hollow Downtown | C4: Order (riot truck) | D4: Backup | E4: 5 | F4: 10 | G4: 4 | H4: 11 | I4: =SUM(E4:H4) -> 30 | J4: 5 | K4: =ROUND(('Global Tuning'!$B$3*('Global Tuning'!$B$4+(F4-1)*('Global Tuning'!$B$5-'Global Tuning'!$B$4)/9))*J4,0) -> 7500 | L4: =ROUND(K4*0.66,0) -> 4950 | M4: =ROUND(K4*0.33,0) -> 2475 | N4: Squad-car adds; spotlight zoning
A5: Condemned | B5: The Tenements | C5: Eminent Domain (crane) | D5: Bring It Down | E5: 3 | F5: 11 | G5: 3 | H5: 12 | I5: =SUM(E5:H5) -> 29 | J5: 5 | K5: =ROUND(('Global Tuning'!$B$3*('Global Tuning'!$B$4+(F5-1)*('Global Tuning'!$B$5-'Global Tuning'!$B$4)/9))*J5,0) -> 7944 | L5: =ROUND(K5*0.66,0) -> 5243 | M5: =ROUND(K5*0.33,0) -> 2622 | N5: Collapses arena; shrinking space
A6: Jackknife | B6: Highway 6 Overpass | C6: Long Way Down (semi) | D6: Jackknife | E6: 9 | F6: 12 | G6: 3 | H6: 9 | I6: =SUM(E6:H6) -> 33 | J6: 5 | K6: =ROUND(('Global Tuning'!$B$3*('Global Tuning'!$B$4+(F6-1)*('Global Tuning'!$B$5-'Global Tuning'!$B$4)/9))*J6,0) -> 8389 | L6: =ROUND(K6*0.66,0) -> 5537 | M6: =ROUND(K6*0.33,0) -> 2768 | N6: Fast heavyweight; trailer sweep; ram-off
A7: The Sexton | B7: The Cemetery | C7: Plot (hearse) | D7: The Buried | E7: 4 | F7: 10 | G7: 5 | H7: 12 | I7: =SUM(E7:H7) -> 31 | J7: 5 | K7: =ROUND(('Global Tuning'!$B$3*('Global Tuning'!$B$4+(F7-1)*('Global Tuning'!$B$5-'Global Tuning'!$B$4)/9))*J7,0) -> 7500 | L7: =ROUND(K7*0.66,0) -> 4950 | M7: =ROUND(K7*0.33,0) -> 2475 | N7: Ghost adds + lifesteal; fog; grave-grab
A8: Undertow | B8: The Drowned Quarter | C8: Deadrise (dredge) | D8: Undertow | E8: 6 | F8: 9 | G8: 7 | H8: 10 | I8: =SUM(E8:H8) -> 32 | J8: 4 | K8: =ROUND(('Global Tuning'!$B$3*('Global Tuning'!$B$4+(F8-1)*('Global Tuning'!$B$5-'Global Tuning'!$B$4)/9))*J8,0) -> 5644 | L8: =ROUND(K8*0.66,0) -> 3725 | M8: =ROUND(K8*0.33,0) -> 1863 | N8: Owns deep water; surge-ride; drag grab
A9: Lodestone | B9: The Switchyard | C9: Lodestone (magnet crane) | D9: Magnet | E9: 3 | F9: 13 | G9: 2 | H9: 12 | I9: =SUM(E9:H9) -> 30 | J9: 6 | K9: =ROUND(('Global Tuning'!$B$3*('Global Tuning'!$B$4+(F9-1)*('Global Tuning'!$B$5-'Global Tuning'!$B$4)/9))*J9,0) -> 10600 | L9: =ROUND(K9*0.66,0) -> 6996 | M9: =ROUND(K9*0.33,0) -> 3498 | N9: Lift-and-slam; aims Ghost Train
A10: The Headliner "Mr. Marrow" | B10: Pinewood Drive-In | C10: The Big Top (float) | D10: Showtime | E10: 7 | F10: 8 | G10: 6 | H10: 13 | I10: =SUM(E10:H10) -> 34 | J10: 4 | K10: =ROUND(('Global Tuning'!$B$3*('Global Tuning'!$B$4+(F10-1)*('Global Tuning'!$B$5-'Global Tuning'!$B$4)/9))*J10,0) -> 5289 | L10: =ROUND(K10*0.66,0) -> 3491 | M10: =ROUND(K10*0.33,0) -> 1745 | N10: Fireworks bullet-hell; mirror decoys
A11: The Alienist | B11: Saint Dymphna’s | C11: Convulsion (ECT rig) | D11: Treatment | E11: 4 | F11: 10 | G11: 5 | H11: 13 | I11: =SUM(E11:H11) -> 32 | J11: 5 | K11: =ROUND(('Global Tuning'!$B$3*('Global Tuning'!$B$4+(F11-1)*('Global Tuning'!$B$5-'Global Tuning'!$B$4)/9))*J11,0) -> 7500 | L11: =ROUND(K11*0.66,0) -> 4950 | M11: =ROUND(K11*0.33,0) -> 2475 | N11: Arc hazard; control-scramble; blackout
A12: The Auditor | B12: The Auditor’s Office | C12: Shifting black car | D12: Audit | E12: 8 | F12: 12 | G12: 8 | H12: 14 | I12: =SUM(E12:H12) -> 42 | J12: 6 | K12: =ROUND(('Global Tuning'!$B$3*('Global Tuning'!$B$4+(F12-1)*('Global Tuning'!$B$5-'Global Tuning'!$B$4)/9))*J12,0) -> 10067 | L12: =ROUND(K12*0.66,0) -> 6644 | M12: =ROUND(K12*0.33,0) -> 3322 | N12: FINAL BOSS. Stats hidden in-game (shown redacted); copies any special

Sheet Weapons
A1: WEAPONS — 14 shared pickups (blue = starting values to tune)
A2: Weapon | B2: Ammo | C2: Rarity | D2: Direct Dmg | E2: Splash Dmg | F2: Duration / Cooldown | G2: Effect | H2: Notes
A3: Homing Missile | B3: 3 | C3: Common | D3: ='Global Tuning'!$B$8 -> 80 | E3: ='Global Tuning'!$B$9 -> 40 | F3: — | G3: Tracks nearest enemy in front | H3: Bread-and-butter
A4: Power Missile | B4: 2 | C4: Common | D4: ='Global Tuning'!$B$10 -> 200 | E4: ='Global Tuning'!$B$11 -> 60 | F4: — | G4: Straight-line unguided | H4: Devastating when pinned
A5: Ricochet | B5: 4 | C5: Uncommon | D5: 60 | E5: 20 | F5: — | G5: Bounces off walls x3 | H5: Great in tight arenas
A6: Remote Bomb | B6: 2 | C6: Uncommon | D6: 150 | E6: 50 | F6: On trigger | G6: Delayed/triggered drop | H6: Trap warfare
A7: Freeze Missile | B7: 1 | C7: Rare | D7: 0 | E7: 0 | F7: 3s freeze | G7: Encase, no damage | H7: Power-missile combo
A8: EMP | B8: 1 | C8: Rare | D8: 0 | E8: 0 | F8: 4s disable | G8: HUD/lock/special off | H8: Counter special-spam
A9: Napalm | B9: 1 | C9: Rare | D9: 30 | E9: 0 | F9: 6s zone | G9: Fire zone (dmg/s) | H9: Area denial
A10: Spike Strip | B10: 3 | C10: Uncommon | D10: 20 | E10: 0 | F10: 4s debuff | G10: Spikes: dmg + handling/speed cut | H10: NEW v0.3 — zoning
A11: Concussion Charge | B11: 2 | C11: Uncommon | D11: 40 | E11: 0 | F11: Instant | G11: 360° knockback + stagger | H11: NEW v0.3 — peel/escape
A12: Arc Lance | B12: 1 (sustained) | C12: Rare | D12: 120 | E12: 0 | F12: Sustained beam | G12: Ramps with held LoS; armor-melt | H12: NEW v0.3 — beam DPS
A13: Process Server | B13: 1 | C13: Rare | D13: 15 | E13: 0 | F13: 8s turret | G13: Deployable auto-turret | H13: NEW v0.3 — deployable
A14: Effigy | B14: 2 | C14: Uncommon | D14: 0 | E14: 0 | F14: 5s decoy | G14: Phantom duplicate draws fire | H14: NEW v0.3 — misdirection
A15: Final Notice | B15: 1 | C15: Rare | D15: 400 | E15: 100 | F15: Relentless | G15: Inexorable seeker; only LoS breaks it | H15: NEW v0.3 — contested finisher
A16: Health Pack | B16: — | C16: Common | D16: 0 | E16: 0 | F16: Restores 33% HP | G16: Most important pickup | H16: Not a weapon
